countryId,personId,name,single_seconds
Afghanistan,2024HEYD02,Mohammad Sharif Heydari,9.56
Afghanistan,2023RASU02,Bawar Rasuli,11.62
Afghanistan,2018TWAI01,Ahmad Fayaz Twaibie,12.37
Afghanistan,2020ASKA01,Aftaab Askary,12.89
Afghanistan,2023MAHB01,Javad Mahbubi,14.37
Afghanistan,2011GHOL02,Alireza Gholami,14.72
Afghanistan,2015HAIW01,Sanzar Haiwad,15.38
Afghanistan,2018RAME07,Hadi Ramezani,16.2
Afghanistan,2024HUSS03,Farshad Hussein Husseini,17.04
Afghanistan,2019HUSS02,Mustafa Hussaini,17.13
Albania,2022MAKO03,Thomas Mako,7.24
Albania,2024ANDO02,Andis Andoni,8.12
Albania,2022SPAH01,Hermes Spahi,9.63
Albania,2022KAPX01,Xhonatan Kapxhiu,10.67
Albania,2022BAHO01,Marin Baholli,11.72
Albania,2024PELL05,Aviel Pellumbi,12.37
Albania,2025BULL07,Kriseld Bullari,12.96
Albania,2018MEMA01,Samuel Mema,14.61
Albania,2018SEVR01,Albi Sevrani,14.87
Albania,2013RUSI01,Alen Rusi,14.96
Algeria,2016YASS01,Yassine Bettahar,6.73
Algeria,2023BOUD02,Abdou El Barri I. H. Boudjeltia,6.93
Algeria,2019BOUC07,Radwan Boucetta,9.55
Algeria,2024MAGE02,Owais Abd Al Mageed,10.1
Algeria,2023ABBA03,Hichem Abdallah Abbas,10.58
Algeria,2025BENN01,Yasser Bennadji,10.79
Algeria,2024KALL06,Joud Al Kalla,10.94
Algeria,2016BAZI03,Tarek Bazizi,11.01
Algeria,2016ISLE01,Mouhamed Islem Boukri,11.48
Algeria,2016AYME01,Aymen Aissaoui,11.5
Andorra,2021SAMP01,Albert Mandic Sampol,7.58
Andorra,2016CASA09,Pau Plana Casas,10.59
Andorra,2016BONS01,Albert Cinca Bons,11.24
Andorra,2015MART27,Ral Martnez Velzquez,16.44
Andorra,2016CARR17,Francesc Martos Carrin,22.13
Andorra,2024LIWA03,Fernando Alexis Eleccion Liwan,22.2
Andorra,2016MACI08,Kevin Ramrez Macas,24.23
Andorra,2016CABA12,Arnau Ferrer Cabanes,24.25
Andorra,2016GONZ56,Aleix Bossa Gonzlez,24.64
Andorra,2019ANGL01,Mart Casals Anglada,24.85
Angola,2023SANT32,Roger Nataniel Issassa dos Santos,8.22
Angola,2023MANU05,Jos Francisco Manuel,8.51
Angola,2023RUSS11,Kiary Roque Russo,9.36
Angola,2023BATA02,Hilton Adolfo Cardoso Batalha,9.42
Angola,2023TCHI01,Andr Firmino Tchivango,9.58
Angola,2025MANU03,Paulo Alberto Zambo Manuel,9.94
Angola,2023BORB01,Jos Carlos Cardoso Borba,10.08
Angola,2023CHAL03,Belarmino Eusbio Chalale,10.09
Angola,2023VUNG03,Daniel Ginina Vunge,10.23
Angola,2023MANU04,Ariclenes Ebenzer Dias Manuel,10.9
Antigua and Barbuda,2024RAGH07,Neel J. Raghani,17.4
Argentina,2017GOLU01,Theo Goluboff,4.49
Argentina,2014BONA02,Bautista Bonazzola,4.72
Argentina,2017GUTM01,Manuel Gutman,4.93
Argentina,2018LAPE01,Gael Augusto Lapeyre,5.31
Argentina,2015MEND08,Ramiro Mendez,5.66
Argentina,2015FONS02,Federico da Fonseca,5.93
Argentina,2018LOPE22,Leandro Martn Lpez,6.27
Argentina,2012HAML01,Francisco Hamlin,6.36
Argentina,2015CLAR03,Andrs Claros,6.46
Argentina,2015LEGU01,Genaro Sahib Leguizamon,6.52
Armenia,2022SHAH29,Grigor Shahverdyan,7.24
Armenia,2015JRAG01,Mayis Jraghatspanyan,7.77
Armenia,2017SMIT15,Jaden Smith,8.44
Armenia,2021HAKO01,Eduard Hakobyan,8.44
Armenia,2012ADLO01,Aramayis Adloyan,8.67
Armenia,2021TARA01,Davit Taranyan,9.27
Armenia,2024ERZR01,Greg Erzrumyan,9.81
Armenia,2021POGH01,Gevorg Poghosyan,10.11
Armenia,2021AFIT01,Argishti Afitseryan,10.16
Armenia,2024TAVA03,Taron Tavaratsyan,10.34
Australia,2016JONE04,Jode Brewster,3.88
Australia,2022TANR02,Ryan Tan,4.03
Australia,2009ZEMD01,Feliks Zemdegs,4.16
Australia,2016DEXT01,Riley Dexter,4.19
Australia,2021SEUF01,Toby Seufert,4.29
Australia,2016EPST02,David Epstein,4.41
Australia,2018PATT04,Phoenix Patterson,4.74
Australia,2019EGGI02,Charlie Eggins,4.76
Australia,2018SATO01,Sora Sato,4.85
Australia,2022JONE11,Kyle Jones,4.85
Austria,2022FEDE01,Alwin Federsel,4.72
Austria,2022STRA10,Thomas Strasser,5.34
Austria,2013TRUC01,Florian Truckenthanner,5.52
Austria,2019HEID03,Thomas Heiden,5.72
Austria,2011KALM01,Viktor Kalmar,6.36
Austria,2021PRAS02,Simon Praschl,6.54
Austria,2022PURS01,Maxim Prstinger,7.2
Austria,2023STEI18,Max Steinwender,7.28
Austria,2007HUBE01,Stefan Huber,7.39
Austria,2025SUND03,David Sun,7.53
Azerbaijan,2015NABI01,Javid Nabizade,7.32
Azerbaijan,2018QAHR01,li Qhrmanl,8.48
Azerbaijan,2019MIRZ01,Elmir Mirzyev,8.7
Azerbaijan,2022QULI01,Fazil Quliyev,8.74
Azerbaijan,2018AGAB01,Rsul Aababayev,8.88
Azerbaijan,2018ELIV01,Uzeyir Elivasli,9.54
Azerbaijan,2019ISMA03,Raul Ismayilli,9.61
Azerbaijan,2015ISRA01,Mahir Israfilov,9.81
Azerbaijan,2022SHAB02,Royal Shabanov,10.12
Azerbaijan,2023QOCU01,Naim Qouyev,10.36
Bahamas,2022YOUN08,Isabella Young,11.32
Bahamas,2024UNWA01,Nikhil Unwala,17.06
Bahamas,2018EDWA06,Khalyle Darius Edwards,28.49
Bahamas,2022PINT06,Phellipe Gabriel Pinto,32.83
Bahrain,2019NESA01,Hasan Aqeel Nesaif,6.21
Bahrain,2018ALHA03,Daniel Adel Alhayki,7.15
Bahrain,2023ALTA04,Ali Hussain Altannak,9.75
Bahrain,2017JAMS01,Aysha Jamsheer,10.48
Bahrain,2016ALHA01,Rashid Alhajri,10.95
Bahrain,2024ALSA02,Hadi Ali Abdulla Hasan Alsanabsi,11.29
Bahrain,2024ALHA04,Yousif Alhawaj,12.84
Bahrain,2019AISH01,Bandar Al Aish,12.98
Bahrain,2022ABDU15,Abdulla Abdulghaffar,13.5
Bahrain,2024RAHI01,Bader Ali Ahmed Rahimi,13.52
Bangladesh,2023ISLA08,Mosfikul Islam,5.23
Bangladesh,2017SAHI01,Taosif Amin Sahil,5.39
Bangladesh,2022ISLA04,Md Tafsirul Islam,5.94
Bangladesh,2023NAZI02,Muntazim Billah Nazif,6.04
Bangladesh,2018FAHI02,Farhan Tanvir Fahim,6.17
Bangladesh,2023DASA02,Avirup Das,6.19
Bangladesh,2022NOBI01,Towhidun Nobi,6.23
Bangladesh,2022PATW01,Radiath Kamal Patwary,6.26
Bangladesh,2021KHAN05,Zuhair Raiyan Khan,6.34
Bangladesh,2019ULLA01,SM Abeer Ullah,6.59
Barbados,2025REEC01,Lukas Anderson Reece,12.93
Barbados,2018YEDD01,Riya Yeddula,13.58
Barbados,2025FARL01,Jeremiah E. D. Farley,15.87
Barbados,2025HIND01,Kendan Nathan Hinds,17.18
Barbados,2025ARMS01,Austin Armstrong,17.7
Barbados,2025JONE02,Rochelle Jones,23.1
Barbados,2025WILK01,Charles Wilkie,24.55
Barbados,2025SATH01,Bavin Satheeshkumar,27.45
Barbados,2025JONE03,Tyreke Jones,28.8
Barbados,2025NELS01,Jaidon Nelson,31.49
Belarus,2018DRAN01,Platon Dranchuk,5.98
Belarus,2013KAMI03,Vladislav Kaminskiy,6.36
Belarus,2013YUSH01,Pavel Yushkevich,6.37
Belarus,2017SMIR01,Vadzim Smirnou,6.46
Belarus,2023HRAB02,Garold Hrabavets,6.8
Belarus,2013MAMO03,Kirill Mamonov,6.82
Belarus,2013LOYK01,Nikita Loika,6.91
Belarus,2013ZABR01,Ilya Zabrodsky,6.94
Belarus,2017STAR07,Nikita Starodubov,7
Belarus,2018LAGU01,Yahor Lahunovich,7.08
Belgium,2021ROET01,Victor Roets,5.13
Belgium,2017STRU01,Milan Struyf,5.88
Belgium,2017DAVI21,Guillaume David,6.01
Belgium,2011VERV01,Bruno Vervoort,6.12
Belgium,2022LUTJ01,Kobe Lutjeharms,6.23
Belgium,2022SCHO02,Noah Schoeters,6.4
Belgium,2019HURL03,Lorenz Hurlet,6.63
Belgium,2018XIEB01,Bowen Xie,6.65
Belgium,2022LECL01,Medard Lecluyse,6.71
Belgium,2023VULE01,Le-Duy Vu,6.87
Belize,2008SEAR01,Anthony Brooks,5.44
Belize,2025FRIE01,Joshua John Friesen,10.03
Belize,2023PENN07,Eldon John Penner,10.62
Belize,2023SMIT22,Noe Andre Smith,11.69
Belize,2023LOPE77,Johan Lpez,12.22
Belize,2025PENN01,Jamison Penner,13.62
Belize,2023FUEN02,Jose de la Fuente,15.16
Belize,2023LONG12,Christopher Longsworth,17.7
Belize,2025PENN02,Travis Penner,18.41
Belize,2023TZOT02,Jessler Tzot,22.31
Bhutan,2025WANG29,Pema Wangchuk,13.75
Bhutan,2022DORJ01,Jigme Paldhen Dorji,15.09
Bhutan,2017TOBG01,Jigdrel Tobgay,18.33
Bhutan,2024RIGD02,Jigme Rigden,32.15
Bolivia,2015VACA01,Rodrigo Paz Vaca,5.88
Bolivia,2016CABE01,Ignacio Mita Cabezas,6.02
Bolivia,2017DELG12,Enrique Adolfo Delgado,6.29
Bolivia,2017CALL03,Dylan Aramayo Calle,6.37
Bolivia,2015MIZU01,Adhemar Mizushima,6.64
Bolivia,2016ESPI01,Axel Elias Espinoza Ribera,6.65
Bolivia,2016ROSS04,Alejandro Marze Rossel,6.66
Bolivia,2017PINT05,Josias Milan Sirpa Pinto,6.71
Bolivia,2015TERR01,Fabricio Andrs Yaez Terrazas,6.72
Bolivia,2017FLOR18,Luis Flores,6.76
Bosnia and Herzegovina,2022ALEK01,Filip Aleksi,6.8
Bosnia and Herzegovina,2017VIDO01,Mihael Vido,7.13
Bosnia and Herzegovina,2021MIKU01,Andrej Mikuli,7.94
Bosnia and Herzegovina,2017VUJN01,Nemanja Vujnovi,8.09
Bosnia and Herzegovina,2017PERU01,Aleksa Peruinovi,8.96
Bosnia and Herzegovina,2019SMAJ01,Kemal Smajlovi,9.12
Bosnia and Herzegovina,2022BABI05,Aleksandar Babi,9.22
Bosnia and Herzegovina,2014STOP01,Renato Stopic,9.44
Bosnia and Herzegovina,2017ARNA01,Belmin Arnaut,9.48
Bosnia and Herzegovina,2015PREL01,Darko Preli,9.74
Botswana,2025HAAR01,Thomas ter Haar,29.35
Brazil,2016SATO01,Caio Hideaki Sato,4.37
Brazil,2015CECC01,Vicenzo Guerino Cecchini,4.86
Brazil,2017MAND13,Francisco Moraes Mandalozzo,4.91
Brazil,2018GOME29,Frederico Canal Gomes,5.11
Brazil,2019FUJI09,Tiago Akihiro Fujita,5.24
Brazil,2022CLEM05,Samuel Bortolan Clemente,5.45
Brazil,2023ALVE12,Arthur Vinicios Medeiros Alves,5.46
Brazil,2015SILV55,Antonio Gabriel Freitas da Silva,5.58
Brazil,2023MEND17,Artur Augusto Mendes,5.64
Brazil,2016FIOR01,Giovane Rubin Fioravanti,5.69
Brunei,2024LOKT01,Ting Kah Lok,8.27
Brunei,2024ERNJ01,Emma Chan Ern-Jia,8.35
Brunei,2025FAUD01,Mohammad Dzulhusnee Haji Shamsol Iskandar Haris Faudillah,8.95
Brunei,2022RAYY02,Ashfan Rayyan,10.93
Brunei,2017AINF01,Fitri Nurul Ain,10.97
Brunei,2024AZLA01,Aqmar Arrazi Bin Azlan,40.18
Brunei,2023RASI01,Rafali Rasit,109.76
Bulgaria,2018VICH01,Ivaylo Ivaylov Vichev,5.41
Bulgaria,2015TANE02,Ivaylo Tanev,5.89
Bulgaria,2022KALE01,Kaloyan Vladimirov Kalev,6.14
Bulgaria,2022RICH11,Alexander Richetta,6.6
Bulgaria,2018ENCH01,George Enchev,6.71
Bulgaria,2019BASH06,Ilian Bashev,6.71
Bulgaria,2018TODO01,Nikolay Todorov,6.75
Bulgaria,2018TENE01,Alexander Tenev,6.9
Bulgaria,2023OVCH01,Luke Ovcharov,7.36
Bulgaria,2023KIRI03,Ivaylo Rangelov Kirilov,7.45
Cambodia,2023YOSH06,Kotaro Yoshida,6.02
Cambodia,2024PISO01,Neav Nouv Samel Panha Pisoth,7.12
Cambodia,2022SAMS01,Setha Sam,8.67
Cambodia,2019KIMC02,Te Kimchhay,8.89
Cambodia,2019VADD01,Nguon Vaddhanak,8.94
Cambodia,2024KHAY01,Te Khayhour,9.28
Cambodia,2019VANN04,Mork Vanna,9.38
Cambodia,2024SOKU01,Sarun Sokunvisoth,9.69
Cambodia,2024SOPH01,Rith Sophareach,10.42
Cambodia,2024HEAN01,Kim Mengheang,10.57
Cameroon,2023NGAN02,Johan Alex Tabeko Ngankam,17.93
Cameroon,2024TALL04,Geordy Talla,18.66
Cameroon,2024TANG28,Chris Tangpi,27.65
Canada,2017SARE03,Arhaan Sareen,4.13
Canada,2016LINB01,Brennen Lin,4.14
Canada,2016SANT08,Kyle Santucci,4.26
Canada,2017YEHM01,Morgan Yeh,4.38
Canada,2010WANG68,Bill Wang,4.62
Canada,2017WURY01,Ryan Wu,4.8
Canada,2013THOM04,Jeriel James Thomas,4.9
Canada,2017JANK02,Luke Jankowiak,5.09
Canada,2010CANT02,Antoine Cantin,5.1
Canada,2017LEEM03,Matthew Lee,5.17
Chile,2019BRUN02,Claudio Matias Cancino Bruna,3.74
Chile,2019LAND01,Agustn Mera Landa,4.24
Chile,2019GONZ39,Gustavo Ignacio Pineda Gonzalez,5.01
Chile,2015CABE01,Rodrigo Cabezas,5.28
Chile,2015CABE01,Rodrigo Lucas Pardo,5.28
Chile,2018BASA03,Jose Basaes,5.37
Chile,2015MEDE01,Felipe Medel,5.8
Chile,2022MIRA06,Gabriel Alonso Ibez Miranda,5.83
Chile,2016HENR02,Irenco Pea Henrquez,6.06
Chile,2023VALE11,Francisco Valenzuela,6.22
China,2023GENG02,Xuanyi Geng,3.05
China,2019WANY36,Yiheng Wang,3.06
China,2017XURU04,Ruihang Xu,3.24
China,2015DUYU01,Yusheng Du,3.47
China,2023DUYU01,Yufang Du,3.72
China,2024LIZH03,Zhaokun Li,3.87
China,2021ZHAN01,Bofan Zhang,3.95
China,2023YUHA01,Hansen Yu,4.02
China,2023CAOQ01,Qixian Cao,4.08
China,2023CHEN30,Zhen Chen,4.12
Colombia,2021SOTO01,Juan Miguel Saboya Soto,4.52
Colombia,2017ECHE04,Alejandro Restrepo Echeverri,5.22
Colombia,2018MART75,David Rendn Martnez,5.54
Colombia,2016GONZ52,Gabriel Santiago Velez Gonzalez,5.73
Colombia,2017POPA01,Manuel Popayn,5.78
Colombia,2023GARC18,Gabriel Muoz Garcia,5.83
Colombia,2018GONZ09,Lorenzo Gonzalez,5.93
Colombia,2011SALG01,Daniel Cano Salgado,5.95
Colombia,2022DIAZ14,Juan Sebastian Otalora Diaz,6.1
Colombia,2011CAST02,Michael Andres Castillo Lemus,6.12
Congo,2023NZOL01,David Nzolanzofou,19.38
Congo,2023KAZA01,Codell Kabamba Kazadi,25.86
Costa Rica,2019ALVA06,Daniel Josu Sand Alvarado,6.51
Costa Rica,2017LIAN32,Andrs Iras Li,6.77
Costa Rica,2017RODR51,Christian Rodrguez,6.79
Costa Rica,2017POMA02,Sebastin Herrera Pomares,7.13
Costa Rica,2017CAST45,David Herrera Castro,7.24
Costa Rica,2019MELE04,Michael Ziga Melndez,7.27
Costa Rica,2018NAVA05,Aarn Alfaro Navarro,7.55
Costa Rica,2017ARCE04,David Caldern Arce,7.56
Costa Rica,2018AGUI06,Jason Conejo Aguilar,7.66
Costa Rica,2018GONZ11,Carlos Andres Gonzaga,7.72
Cote d_Ivoire,2025CARL05,Brega Zoro Donald Carlos,11.9
Cote d_Ivoire,2025LATH01,Amari Jean-Charles Lath,13.04
Cote d_Ivoire,2007AMAN01,Etienne Amany,13.84
Cote d_Ivoire,2025ESPE01,Konan Kouadio Esprance,14.33
Cote d_Ivoire,2016KOFF01,Errol Koffi,16.47
Cote d_Ivoire,2025PARF02,Oula Deoudi Nol Parfait,17.14
Cote d_Ivoire,2025YOUS03,Dram Ben Youssouf,18.02
Cote d_Ivoire,2025AMLA01,Kevin Amlaman,20.05
Cote d_Ivoire,2025ILAN01,Apia Kouassi Karl Ilane,20.6
Cote d_Ivoire,2025LIST01,Bidio Kobenan Listowel,20.73
Croatia,2015VUJA01,David Vujasi,5.55
Croatia,2024BEDE01,Lana Bedek,5.92
Croatia,2015BELJ01,Toni Beljo,6.54
Croatia,2013VIDA03,Dominik Vidakovi,7
Croatia,2021SREC01,Jakov Srekovi,7.17
Croatia,2019MARK03,Matej Markovi,7.25
Croatia,2019KRAL01,Barbara Kralj,7.29
Croatia,2015PETR01,Andro Petrinjak,7.5
Croatia,2016CVIJ01,Lucijan Cvijetovi,7.54
Croatia,2022IVAN02,Bruno Ivani,7.58
Cuba,2022ARZO01,Daniel Orlando Valdes Arzola,7.73
Cuba,2023AVAL04,Yunier Avalo,12.21
Cuba,2024PANE02,Ceyln Guerrero Paneca,12.69
Cuba,2018BORJ02,Walter Borjas,13.51
Cuba,2015CAMP11,Gabriel Campos,19.26
Cuba,2019ORTA02,Levi Orta,21.34
Cuba,2016VALD03,Andy Valdes,23.83
Cuba,2019ASCH01,Fidel Aschkar,38.11
Cuba,2016MONZ01,Yassan Monzo,43.86
Cuba,2016GONZ10,Carla Gonzalez,96.16
Cyprus,2017ELEF02,Michael Eleftheriades,6.26
Cyprus,2020ISAI01,Panayiotis Isaia,6.92
Cyprus,2024KKAR01,Sotiris Kkaras,7.48
Cyprus,2020PROT01,Spyridon Protopapas,7.67
Cyprus,2018GREG03,Petros Gregoriades,7.88
Cyprus,2019PAPA06,Michalis Papakyriakou,7.91
Cyprus,2020FOUR01,Constantinos Fourlas,8.55
Cyprus,2024ZAKO01,Roman Zakoulov,8.66
Cyprus,2022KAPE01,Constantinos Kapelos,8.77
Cyprus,2022PAPA05,Anastasis Papadopoulos,9.12
Czech Republic,2015GROH02,Matj Grohmann,4.97
Czech Republic,2023NESI01,David Nesiba,5.01
Czech Republic,2023BASL02,Krytof Basl,5.32
Czech Republic,2023HERI02,Max Herink,5.51
Czech Republic,2014QUYN02,Tom Nguyen,5.55
Czech Republic,2022KORI01,Adam Konek,5.6
Czech Republic,2013MUAT01,Matj Mutko,5.86
Czech Republic,2019TALA02,Sam Talacko,6.04
Czech Republic,2013POHO01,Lukas Pohoelick,6.07
Czech Republic,2021GROH01,Vojtch Grohmann,6.11
Dem. Rep. Congo,2025KAHU01,Danny Kahumba,103.79
Dem. Rep. Congo,2019KAZA02,Fabrice Kazadi,112.57
Denmark,2016SHEL03,Lukas Shelley,4.42
Denmark,2013EGDA02,Martin Vdele Egdal,4.75
Denmark,2014DETL01,Rasmus Stub Detlefsen,5.03
Denmark,2021JOEN01,Birk Joench-Clausen,5.2
Denmark,2020JORG02,Daniel Heberg Jrgensen,5.22
Denmark,2022MULB02,Zacharias Mulbjerg,5.23
Denmark,2019CHRI17,Nicolas Kster Christensen,5.32
Denmark,2016KELL10,Adam Marcellus Kelly,5.51
Denmark,2017BYRN01,Magnus Sndergaard Byrne,5.66
Denmark,2017BYRN02,Mathias Sndergaard Byrne,5.72
Dominican Republic,2018PENA01,Cristian Samuel Carasco Pea,4.61
Dominican Republic,2016MERC03,Marco Jose Mercedes,7.28
Dominican Republic,2013LEES03,Sumi Lee,7.35
Dominican Republic,2016CABA07,Amaury Miguel Caballero,7.46
Dominican Republic,2019BAST03,Jesus Daniel Pache Bastardo,7.59
Dominican Republic,2013SIER01,Chardan Jose Valdez Sierra,7.73
Dominican Republic,2016MART05,Raimy Marte,8.08
Dominican Republic,2018GILE02,Emil Francisco Solano Gil,8.11
Dominican Republic,2017SANT13,Henfry De Los Santos,8.14
Dominican Republic,2023SANT79,Sebastian Francisco Santana,8.23
Ecuador,2018LUDE01,Anthony Gerard lvarez Ludea,5.61
Ecuador,2017ESTR04,Dereck Estrada,6.79
Ecuador,2021BENA01,Mateo Baruc Mero Benavides,7.25
Ecuador,2018SORI05,Alexander Vera Soria,7.33
Ecuador,2017ANDR22,Jhoan Andrade,7.51
Ecuador,2022MANA07,Sebastin Joel Herrera Manangon,7.54
Ecuador,2018RIVE09,Caleb Salcedo Rivera,7.67
Ecuador,2017SANC27,Bryan Andres Campaa Sanchez,7.69
Ecuador,2017CUES02,Luis Fernando Alds Cuestas,7.74
Ecuador,2017CHAF01,Bolivar Chafla,7.83
Egypt,2019ESKA02,Hannah Nader Eskander,6.46
Egypt,2023EYAD01,Eyad Moataz Osama Mohamed Eyad,7.93
Egypt,2022SALM04,Mouaaz Sherif Salman,8.12
Egypt,2019ANTA02,Ali Antar,8.34
Egypt,2019RAGH04,Rafik Eskandar,8.53
Egypt,2019RAGH04,Rafik Sarwat Naeem Ragheb,8.53
Egypt,2019FATH03,Mohannad Mahmoud Fathy,8.54
Egypt,2023SHAH14,Fares Arshad Hussain Shah,8.57
Egypt,2017ABDA01,Ayman Mohamed Abdalla,8.62
Egypt,2022MOST04,Nour Marwan Mostafa,9.12
El Salvador,2019CAST34,Jos Eduardo Palacios Castro,6.63
El Salvador,2017CAST49,Fernando Daniel Domnguez Castaneda,7.33
El Salvador,2018PORT11,Javier Portillo,7.4
El Salvador,2019MART77,Alessandro Martnez,8.05
El Salvador,2022BARR08,Oscar Armando Anaya Barrera,8.3
El Salvador,2015RAMI14,Samuel Cuellar Ramirez,8.31
El Salvador,2015JIME10,Jos Enrique Jimnez,8.52
El Salvador,2021HERN01,Elvis Isa Rosales Hernndez,8.77
El Salvador,2016GALV06,David Glvez,8.86
El Salvador,2015RAMI13,Carlos Mauricio Esperanza Ramirez,8.9
Eritrea,2022ABRA13,Smret Abraham,16.21
Eritrea,2023ALAG01,Tareq Mohammed Mahmoud Alaggad,26.05
Estonia,2018TUUL01,Kaur Tuule,5.01
Estonia,2017PIHE01,Remo Pihel,6.25
Estonia,2020PALL01,Oliver Pllo,6.71
Estonia,2023UDAT01,Artur Udatsnoi,6.93
Estonia,2014SAID02,Alfred Saidlo,7.03
Estonia,2018SLAV01,Nikita Slavinski,7.11
Estonia,2018ZEMT01,Maksim Zemtihhin,7.57
Estonia,2017KIPP01,Erik Kippus,7.66
Estonia,2019ROSE08,Kait Rosenberg,7.66
Estonia,2019MAND11,Pelle Mandel,7.87
Ethiopia,2023PHIL17,Moses Tibeb Firew,8.5
Ethiopia,2024DESS01,Frezer Dessew,12.42
Ethiopia,2024OVER01,Desmond Overstake,14.23
Ethiopia,2025HASS06,Rayyan Hassen,18.26
Ethiopia,2023WOLD01,Shalom Woldemicael,19.83
Ethiopia,2023GRAF04,Argo Graff,38.25
Ethiopia,2025MESF01,Dagemawi Elyas Mesfin,42.81
Fiji,2023RAMS01,Soham Ronav Ram,11.84
Fiji,2024ALIE01,Emir Ali,13.45
Finland,2014NORD02,Amos Nordman,4.8
Finland,2016LAUR01,Linus Laurn,4.86
Finland,2012BUBE01,Reto Bubendorf,5.58
Finland,2016HYTT01,Kari Hyttinen,5.61
Finland,2022SCHA05,Vincent von Schantz,5.65
Finland,2018MCAR01,Callum McArthur-Mortell,5.73
Finland,2016ANSA02,Pessi Ansaranta,5.77
Finland,2022ANTO01,Eevert Antola,5.94
Finland,2013JOKI01,Kim Jokinen,6.07
Finland,2018KINN05,Urho Kinnunen,6.12
France,2014SEBA01,Juliette Sbastien,4.44
France,2022ROBI05,Eden Robinson-Rechavi,4.56
France,2017RIVA09,Quentin Rivault,4.65
France,2018LUCM01,Mathis Luc,4.79
France,2012CARL03,Alexandre Carlier,4.81
France,2010DESJ01,Jules Desjardin,5.01
France,2013GERT01,Nicolas Gertner Kilian,5.05
France,2014BEGU01,Elian Beguec,5.07
France,2016MEUN02,Pierre Meunier,5.12
France,2016UKAJ01,Lir Ukaj,5.21
Georgia,2018DOLE01,Tamar Dolenjishvili,4.76
Georgia,2022MINA01,Giorgi Minasiani,5.35
Georgia,2013MARC05,Vako Marchilashvili,5.37
Georgia,2018ZGUL01,Nino Zguladze,6.2
Georgia,2018GVAR01,Andro Gvaramadze,6.58
Georgia,2022GEGE01,Giorgi Gegeshidze,8.16
Georgia,2023TEVD02,Dachi Tevdorashvili,8.5
Georgia,2024KORG01,Nikoloz Korganashvili,8.6
Georgia,2018SUBA01,Luka Subari,8.78
Georgia,2013KAKH01,Beqa Kakhiani,9.23
Germany,2010WEYE02,Sebastian Weyer,4.32
Germany,2013GERH01,Kevin Gerhardt,4.49
Germany,2010WEYE01,Philipp Weyer,4.76
Germany,2009DIEC01,Cornelius Dieckmann,4.77
Germany,2014GERB01,Henri Gerber,4.98
Germany,2019PILH01,Jonas Pilhfer,5.01
Germany,2016DHIM01,Tanish Dhiman,5.12
Germany,2022CRAM02,Justus Leander Cramer,5.3
Germany,2022MULL02,Imanuel Mller,5.33
Germany,2014FRIT02,Oliver Fritz,5.33
Ghana,2020GYAS01,Ransford Gyasi,8.41
Ghana,2025KOME01,Edwin Nii Ayitey Komey,11.38
Ghana,2017ORTH02,Benjamin Orthner,11.92
Ghana,2023EGYI01,Gavriel Badu Egyir,13.06
Ghana,2022HAMM04,Zaffery Hammond-Aryee,13.07
Ghana,2025TEVI01,Denzil Makafui Tevie,14.75
Ghana,2019DANK01,Peter Nyarko Dankwa,16.11
Ghana,2025MBRO01,Ethan Osae Mbrokoh,18.57
Ghana,2025AKAN02,Yanis Akanko,20.7
Ghana,2025AKOT01,Nicholas Yayra Akoto,21.17
Greece,2012PATE01,Antonie Paterakis,4.7
Greece,2017PRIG01,Vasilis Prigkos,4.92
Greece,2023NIKO07,Ilias Nikolaou,5.4
Greece,2013TOLA01,Richard Tola,5.55
Greece,2016GRIG02,Giannis Grigoropoulos,5.57
Greece,2022TOPO03,Konstantinos Topouzidis,5.69
Greece,2023TSIL02,George Tsilimenis,6.28
Greece,2015MULO01,Athanasios Iasonas Mylonas,6.41
Greece,2019ZIKO01,Nikolaos Zikos,6.45
Greece,2023KOUT03,Nikolaos Koutsivos,6.52
Grenada,2019AYOU01,Kamel Ayoub,42.86
Guatemala,2017ARRE04,Brian Bernab Bolaos Arreaga,5.68
Guatemala,2019RODR66,Shalm Melquisedec Batz Rodrguez,5.78
Guatemala,2019LOPE16,Efrain Lopez,6.14
Guatemala,2018MALD02,Jose Javier Melendez Maldonado,6.25
Guatemala,2018SIQU01,Javier Siquit,6.8
Guatemala,2017CRUZ10,Jefferson Antonio Morales Cruz,7.56
Guatemala,2014BARR02,Gabriel Barrios,7.61
Guatemala,2022RAMI03,Carlos Luis Guerra Ramrez,7.63
Guatemala,2023GOME70,Jose Pablo Morales Gomez,7.71
Guatemala,2017LEIV01,Josue Leiva,7.81
Guyana,2018KHAN17,Benicio Warwick Khan,12.08
Haiti,2015PERC01,Fan Derlentz Perceval,8.44
Honduras,2018VIND01,Miguel Angel Edelman Vindel,7.01
Honduras,2022HERN10,Fares Daniel Flores Hernndez,8.47
Honduras,2022ALVA07,Harry Daniels Aguilar Alvarado,9.1
Honduras,2023MEJI09,Jos Adonis Lemus Meja,9.1
Honduras,2017MART93,Jos Lisandro Velsquez Martnez,9.48
Honduras,2022RAMO04,Elias Antonio Alvarez Ramos,9.57
Honduras,2017ALVA32,Danniel Andrs Orellana Alvarado,9.74
Honduras,2023SERM02,Ivan Arnoldo Navarrete Sermeo,10.42
Honduras,2017MEJI03,Luis David Hernndez Meja,10.6
Honduras,2017IZAG02,Juan Carlos Boqun Izaguirre,10.67
Hong Kong,2017KWAN05,Burno Li Chak Kwan,4.6
Hong Kong,2023XIUY01,Yang Pin Xiu,5.02
Hong Kong,2015LEON02,Ivan Li Ka Leong,5.13
Hong Kong,2016CHEU04,Andy Mok Man Cheuk,5.71
Hong Kong,2023CHAN16,Ryan Chan,5.8
Hong Kong,2023HINC04,Chan Ho Hin,6.04
Hong Kong,2025LAUB01,Branson Lau,6.08
Hong Kong,2014LOKW01,Wong Kin Lok,6.18
Hong Kong,2023LUNW01,Wong Pat Lun,6.28
Hong Kong,2023XITI01,Tian Ying Xi,6.32
Hungary,2016SLEZ01,Gbor Slezk,5.13
Hungary,2022VITA02,Zn Vitale,5.16
Hungary,2022SZAB03,Dvid Szab,5.26
Hungary,2023ZALA03,Gerg Zaln Molnr,5.73
Hungary,2012MARA03,Rbert Marti,5.92
Hungary,2022SZAB02,dm Szab,6.05
Hungary,2019CSEN01,Blint Cseng,6.07
Hungary,2020MICH04,Reuven Michaely,6.11
Hungary,2016NOVO01,Gergely Novotni,6.3
Hungary,2016SZAN01,Szabolcs Szntai,6.33
Iceland,2017PETU02,skar Ptursson,6.29
Iceland,2023BART07,lafur Jan Bartoszek,8.37
Iceland,2019GUNN02,inn Logi Gunnarsson,8.79
Iceland,2018GUNN03,Rnar Gauti Gunnarsson,8.87
Iceland,2020EINA02,Kri Einarsson,9.32
Iceland,2018BRAN07,Erik Yngvi Brannan,9.49
Iceland,2023BJAR01,Birnir Hlm Bjarnason,9.66
Iceland,2009MAGN02,Hilmar Magnusson,9.83
Iceland,2024ANDE22,Ulrik Cramer Andersen,9.89
Iceland,2021SIGM01,Aron Levi Sigmundsson,10.12
India,2022DEEP01,Hari A. Deepak,4.77
India,2015CHHA03,Aryan Chhabra,4.81
India,2016GABA02,Amey Gaba,4.85
India,2022BHAV01,Darshan Bhavanasi,5.04
India,2017GADG01,Pranav Gadge,5.05
India,2016DHIM01,Tanish Dhiman,5.12
India,2022PATI10,Shrivatsa Patil,5.12
India,2018NARA14,Mihir Narayan,5.24
India,2019BILA05,Hasnain Reza Bilal,5.33
India,2015SOAR01,Nikhil Soares,5.36
Indonesia,2015FUSH01,Firstian Fushada,4.42
Indonesia,2018KODA01,Muhammad Faeyza Koda,4.66
Indonesia,2018ALAM08,Leon Marcell Alamanda,4.98
Indonesia,2016RACH01,Fahmi Aulia Rachman,5.28
Indonesia,2020WIRA01,Benjamin Wirahpati,5.43
Indonesia,2018PUTR06,Azaeel Benaya Putra,5.67
Indonesia,2022SASA04,Kentaro Sasaki,5.69
Indonesia,2010UTOM01,Vincent Hartanto Utomo,5.69
Indonesia,2022YUSW01,Rendra Yuswandana,5.9
Indonesia,2019MULA02,Erick Ethan Mula,5.9
Iran,2023ABBA06,Mohammadreza Abbaszadeh,5.87
Iran,2023DEHG02,Erfan Dehghani,5.87
Iran,2023JAVA05,Amirali Javadzadeh,5.93
Iran,2016NIRI01,Seyed Amirparsa Hosseini Nayeri,6
Iran,2022MOTE01,Hoomaan Motevalli Habibi,6.03
Iran,2015GERA02,Arian Geravandi,6.04
Iran,2018KHOS03,Mohammad Mahdi Khosravi,6.07
Iran,2015SARE01,Kasra Sarebanha,6.27
Iran,2023MASO03,Hamed Masoumzadeh,6.28
Iran,2018ROSH02,Hossein Bodaghi Roshan,6.33
Iraq,2025GAZN01,Furat Gaznai,11.31
Iraq,2022MUKH01,Mukhlis Mokhles,13.08
Iraq,2023TARI03,Hussein Tariq,13.88
Iraq,2017ESSA01,Jaafar Hayder Noori Al-Ulsaed Essa,14.54
Iraq,2020ABDU01,Hussein Abdulwahid,16.38
Iraq,2018ALKI01,Layth Alkinani,18.63
Iraq,2023ALAM08,Zaid Al-Amiri,20.1
Iraq,2022ALJU01,Yousif Al-Juboori,20.29
Iraq,2022IBRA01,Bashar Khalil Ibrahim,20.85
Iraq,2023GAFA01,Maikel Gafaji,22.63
Ireland,2012BEAH01,Ciarn Beahan,4.33
Ireland,2022HAIN04,Cillian Hainbach,4.92
Ireland,2022FURE01,CJ Furey,4.95
Ireland,2022GREE14,Oscar Green,5.6
Ireland,2022KIRR02,Noah Kirrane,5.78
Ireland,2019NAYA01,Prabhav Rajaram Nayak,5.82
Ireland,2021WALS03,Iollan Walsh,5.84
Ireland,2017MADD04,Richard Madden,5.98
Ireland,2022SUNI01,Nathaniel Timothy Sunil,6.13
Ireland,2012YUTA01,Tao Yu,6.25
Israel,2016BARO04,Ben Baron,4.52
Israel,2022VISH01,Yoav Vishne,5.02
Israel,2022POUR02,Netanel Pour,5.27
Israel,2016AMIT01,Elai Amit-Wender,5.43
Israel,2019KEHI01,Omri Kehila,5.54
Israel,2023SAND02,Mark Sander,5.63
Israel,2019AMIB01,Etai Amibar,5.8
Israel,2023KAHA01,Ido Kahana,5.83
Israel,2023DVOR02,Niv Dvorkin,5.85
Israel,2018MOSH01,Zecharya Moshavi,5.88
Italy,2018LOCA01,Valerio Locatelli,4.26
Italy,2019CORO04,Giacomo Daniele Cor,4.84
Italy,2019SART01,Daniel Sartori,4.9
Italy,2022MANT03,Alberto Mantovani,5.49
Italy,2018RIMI01,Flavio Rimi,5.57
Italy,2017GALE01,Mattia Galentino,5.63
Italy,2021ZANG01,Alessandro Zangolini,5.68
Italy,2018RICC02,Alessandro Ricci,5.74
Italy,2018CENT02,Giovanni Centili,5.82
Italy,2012NICO02,Alessandro Nicol,5.95
Jamaica,2025ROBI07,Andre Robinson,17.33
Jamaica,2019MEIK01,Sanjay Meikle,24.13
Jamaica,2015BROO01,Karen Brooks,54.09
Jamaica,2018RAOR01,Rishi Rao,62.07
Japan,2010SUGA01,Sei Sugama,4.8
Japan,2016KIDA02,Hitoki Kidahashi,4.86
Japan,2022TAKA04,Junnosuke Takahashi,5.11
Japan,2019NOGA01,Ao Nogami,5.25
Japan,2013KATO01,Eva Kato,5.46
Japan,2019NOMU01,Yuki Nomura,5.66
Japan,2012AKAM01,Soichi Akamatsu,5.71
Japan,2009FUSH01,Arifumi Fushimi,5.71
Japan,2023SAKA04,Kantaro Sakamoto,5.76
Japan,2012UDOU01,Kounosuke Udou,5.88
Jordan,2019HAMM04,Kamel Hammouri,5.85
Jordan,2019ISSA04,Abdel Issa,6.72
Jordan,2019SALE04,Othman Saleh,6.83
Jordan,2024MAYY01,Zaid Mayyas,6.94
Jordan,2022OMAR04,Abdallah Belal Omar,8.11
Jordan,2021OTAI01,Zakarya Otair,8.14
Jordan,2023ODEH03,Sarah Odeh,8.29
Jordan,2022ALMA01,Abdallah Almaharmeh,8.69
Jordan,2023ZEID01,Adam Zeidan,8.9
Jordan,2019ALBA04,Omar Abdlkareem Albalouli,8.9
Kazakhstan,2018AGAB03,Asset Agabekov,4.24
Kazakhstan,2018ISAK06,Damir Issakov,5.43
Kazakhstan,2018ORAZ01,Abylai Orazalin,5.51
Kazakhstan,2017ZHAD01,Damir Zhanataev,5.84
Kazakhstan,2018YERK02,Yerkin Assylbek,5.86
Kazakhstan,2018KURM02,Nurassyl Kurmangali,6.11
Kazakhstan,2017KURM01,Alisher Kurmash,6.25
Kazakhstan,2018ZHAB06,Bauyrzhan Zhandossuly,6.66
Kazakhstan,2017ASKA02,Aral Askarov,6.84
Kazakhstan,2015MIKH04,Farid Mikhailov,6.87
Kenya,2019MUTH01,Jay Kuria Muthari,8.05
Kenya,2025MBUI01,Ivan Kamonye Mbui,9.05
Kenya,2023BUND03,Derick Bundi,9.38
Kenya,2023SHAH39,Sur Shah,9.93
Kenya,2023KABI02,Eman Kabiru,9.98
Kenya,2024ILEM01,Mathias Ile,9.99
Kenya,2025KARI03,James Kariuki,10.47
Kenya,2023SIMO14,Mugambi Simon,10.72
Kenya,2023ODHI01,Louis Dreyfus Aringa Odhiambo,10.96
Kenya,2025KINY01,Myles Kinyita,11.07
Korea,2013NAHM01,Seung Hyuk Nahm,4.17
Korea,2016HONG03,Yoochan Hong,4.49
Korea,2012CHOS01,SeungBeom Cho,4.59
Korea,2016CHAN09,Jaemin Chang,4.75
Korea,2017CHOI07,Kyeongmin Choi,4.86
Korea,2015PARK13,Danny SungIn Park,4.88
Korea,2013SEOH01,Hyo-Min Seo,4.94
Korea,2022ROHH01,Hyunmin Roh,5.06
Korea,2015LEEJ05,Jung Hwan Lee,5.12
Korea,2017PARK05,DongSoo Park,5.16
Kosovo,2016UKAJ01,Lir Ukaj,5.21
Kosovo,2018AXHE01,Leon Axhemi,7.92
Kosovo,2019SHKO01,Biant Shkololli,8.25
Kosovo,2018MLAD01,Petar Mladenovi,10.19
Kosovo,2018FAZL01,Arian Fazlija,13.54
Kosovo,2025HASA02,Jon Hasani,15.39
Kosovo,2023ZHIT01,Bleon Zhitia,16.16
Kosovo,2018HAXH01,Thot Haxha,17.52
Kosovo,2019VREL01,Fisnik Vrellaku,17.78
Kosovo,2023HOXH01,Hilmi Hoxha,18.27
Kuwait,2022ALOL01,Ahmad Alolaimi,6.38
Kuwait,2021ALMU01,Ghanim Abdulaziz Almutawa,7.96
Kuwait,2022ALHA02,Abdullah Alhaddad,8.34
Kuwait,2023ALSA04,Hessa Mohammed Alsanad,9.31
Kuwait,2024ALMA01,Yousef Essa Almashmoum,9.6
Kuwait,2022ALWA01,Hasan Hashem Alwazzan,9.68
Kuwait,2023AKBA03,Alkawthar Jaber Akbar,9.88
Kuwait,2022ALBA06,Shaikha Albarjas,10.31
Kuwait,2022ALMO03,Sayed Haidar Almousawi,10.72
Kuwait,2018ALMU03,Saoud Abdulaziz Almutawa,10.79
Kyrgyzstan,2018SULT03,Chyngyz Sultanbekov,4.92
Kyrgyzstan,2020ZHAN19,Alikhan Zhanybekov,6.74
Kyrgyzstan,2017BAKI01,Sardar Bakiev,7.11
Kyrgyzstan,2017BEKB01,Erbol Bekbars,7.28
Kyrgyzstan,2024SMAN01,Aidin Smanov,7.31
Kyrgyzstan,2017MOID01,Emir Moidunov,7.39
Kyrgyzstan,2017ALDA03,Atai Aldashev,8.49
Kyrgyzstan,2018IDIR02,Ilyaz Idirisov,9.13
Kyrgyzstan,2024SULT02,Seitek Sultanov,9.19
Kyrgyzstan,2017YURC01,Nikita Yurchenko,10.01
Laos,2024SYPA01,Phasouk Sypaseuth,9.07
Laos,2024TRAN18,Jorden Tran,11.05
Laos,2024MANO07,Konesack Manorom,11.13
Laos,2024HAYH01,Anuvong Hayhinmixay,11.26
Laos,2024VIEN01,Thotsaphone Viengviseth,11.69
Laos,2023XAYN01,Soumek Xaynguyen,12.05
Laos,2025SENG05,Sombath Sengpathoummang,14.6
Laos,2025KEOC01,Visitthilath Keocharath,15.2
Laos,2025SISO01,Sane Sisouphanthavong,15.73
Laos,2024VONG04,Chansopha Vongsaravanh,16.75
Latvia,2018DREI02,Roberts Dreijers,6.04
Latvia,2017LEMB02,Mikus Lembergs,6.44
Latvia,2017KRON03,Frederiks Rdolfs Kronbergs,6.84
Latvia,2017PIET01,Kristins Pietkuns,7.09
Latvia,2022OGLO01,Aleksejs Oglobins,7.26
Latvia,2017VNKA01,Rdolfs Vnkalns,7.27
Latvia,2015LIEP02,Imants Liepi,7.29
Latvia,2017PIET02,Markuss Pietkuns,7.89
Latvia,2012BARA03,Vladislavs Baranovs,7.92
Latvia,2016JANO01,Jkabs Janovs,8.09
Lebanon,2024HADY02,Rakan El Hady,6.31
Lebanon,2018SAAD04,Daniel Omar Saad,7.03
Lebanon,2019MALL01,Rami El Mallah,7.66
Lebanon,2019HALA01,Issam Imad El Halabi,8.09
Lebanon,2023KHAL08,Mohamad Khalifeh,8.29
Lebanon,2023KOTO01,Omar Al Kotob,9.4
Lebanon,2017HOBA01,Rayan Al Hobayb,10.17
Lebanon,2017TAHA01,Fawaz Taha,10.29
Lebanon,2018SALE01,Hussein Saleh,10.5
Lebanon,2014KADA02,Rashad Kadado,11.01
Lesotho,2023MOBE01,Liteboho Martin Mobe,14.7
Lesotho,2023SEKH03,Hlahatsi Sekhamane,23.5
Lesotho,2024KRAB01,Solomon Krabbendam,45.77
Libya,2025SHAA01,Ali Shaari,11.9
Libya,2023HDIY01,Mohamed Hdiya,23.84
Libya,2019BENS04,Mohammed Bensriati,24.19
Libya,2018MUST02,Youssef Mustapha,24.85
Libya,2019ESSE02,Abdulrahman Essed,26.41
Libya,2025SERG02,Samir Sergiwa,31.57
Libya,2018MUST03,Zakaria Mustapha,33.17
Libya,2017ELMA01,Mustafa Zohier Elmaskhot,34.1
Libya,2024MAMI01,Mohamed Mami,36.51
Libya,2017ELFA01,Mosab Elfasy,42.35
Liechtenstein,2016GART01,Jannik Gartmann,10.42
Liechtenstein,2016SQUI01,Raffaele Squillacioti,20.84
Lithuania,2017URBA01,Mantas Urbanaviius,4.39
Lithuania,2019PILI01,ygimantas Pilipas,6.08
Lithuania,2022BERR06,Lukas Berruti,6.34
Lithuania,2013JANK02,Tomas Jankauskas,6.64
Lithuania,2017PECI01,Naglis Peciulis,6.68
Lithuania,2021RIUK01,Danielius Riuka,7.05
Lithuania,2015RIBI01,Vilius Ribinskas,7.05
Lithuania,2017BRAU02,Ugnius Byron Braun,7.52
Lithuania,2023KRUG04,Elijas Krgelis,7.64
Lithuania,2017NARB01,Morkus Narbutis,7.77
Luxembourg,2017GLOD01,Carlo Glod,8.9
Luxembourg,2022KANN02,Rahul Kannan,8.93
Luxembourg,2024BERT15,Leo Bertinelli,10.61
Luxembourg,2024MANG08,Philippe Mangen,10.61
Luxembourg,2023STOL02,Jill Stoltz,10.67
Luxembourg,2023STEI14,Jacques Steichen,10.73
Luxembourg,2023PERR15,Fletcher Perry,11.47
Luxembourg,2023NICO06,Livio Nicoletti,11.65
Luxembourg,2017THUL01,Andrea Thull,11.72
Luxembourg,2017THEI02,Joe Theis,11.82
Macau,2018SAMK01,Max Kwok U Sam,6.26
Macau,2018CHON01,Chan Sai Chong,6.87
Macau,2024HEIV01,Vong Man Hei,7.87
Macau,2023EDEL01,Alvarez Edel,8.51
Macau,2008CHEN10,Chio Wai Cheng,8.91
Macau,2024IANC01,Che Man Ian,10.51
Macau,2016SHEN16,Vitor Jose Shen,10.67
Macau,2023IEON01,Lo Kuan Ieong,10.68
Macau,2023KUOK01,Meng Chon Kuok,11.18
Macau,2019HEIK01,Kwok Man Hei,12.1
Madagascar,2019ANDR21,Tolotra Ny Avo Andriamamonjisoa,7.26
Madagascar,2024RAFA04,Rodrigue Hermanne Rafanambinantsoa,7.34
Madagascar,2024NOME01,Kantosoa Volaniaina Nomenatiana,7.78
Madagascar,2019LIOK01,Ranarison Fiderana Lioka,7.81
Madagascar,2024RAMA16,Anjatiana Ramarajaona,7.84
Madagascar,2019RAND21,Toavina Zanaparien Randrianatoandro,7.93
Madagascar,2019RATS01,Arilova Niela Ratsima,8.23
Madagascar,2019RAND18,Ravo Pascal Randrianantoanina,8.28
Madagascar,2024MAND01,Randy Mandimbisoa,8.37
Madagascar,2019RAND10,Ismal Mamy Randriamalanto,8.42
Malawi,2023NGUL01,Favour Ngulube,9.87
Malawi,2023LONG29,Mayamiko Longwe,22.56
Malawi,2024KHON01,Jerronimo Khonga,37.28
Malawi,2015PANJ01,Saad Panjwani,100.21
Malaysia,2017YANG59,Tee Kai Yang,4.05
Malaysia,2016HUNG08,Lim Hung,5.13
Malaysia,2012SEVE01,Ainesh Sevellaraja,5.48
Malaysia,2019CHIN08,Camerone Chin,5.57
Malaysia,2022ZENL01,Lee Roo Zen,5.57
Malaysia,2017YANT03,Tan Kwan Yang,5.63
Malaysia,2019CHUN15,Tan Yue Chung,5.64
Malaysia,2015QUAN03,Ng Jia Quan,5.67
Malaysia,2022MINM01,Moy Jay Min,5.75
Malaysia,2022KANG10,Tan Jin Kang,5.93
Maldives,2022ISHA03,Liam Ishan,16.77
Malta,2024SPIT01,Bianca Spiteri,8.59
Malta,2022CAUC02,Benjamin Chetcuti Cauchi,8.6
Malta,2025PORT05,Luca Portelli,10.02
Malta,2019GALE06,Carl Galea,10.31
Malta,2024SCHE14,Michael Schembri,10.54
Malta,2024SOUK02,Nicholas Maximus Soukmandjiev,13.16
Malta,2022GERA01,Guze Vella Gera,16
Malta,2019GRIG05,Giorgio Grigolo,16.04
Malta,2019LANF01,Tokyo Attard,17.05
Malta,2023ZAMM02,Michael Zammit,17.26
Mauritania,2024BAYA07,Cheikh Baya,19.79
Mauritius,2015HARR01,Ryan Pin Harry,7.96
Mauritius,2024ANTO12,Sasha Antoine,9.3
Mauritius,2018SING01,Timothy Fon Sing,9.97
Mauritius,2019OJAS01,Ghunowa Ojasvi,10.32
Mauritius,2024YANJ01,Joshua Ng Yuen Yan,10.94
Mauritius,2024BJAR01,Ryan Bjarnram,11.35
Mauritius,2020RAME03,Aditya Ramessur,11.41
Mauritius,2016BHOY01,Milind Bhoyroo,11.49
Mauritius,2018DULT01,Dylan Dulthummon,12.12
Mauritius,2018MAUT01,Motasim Mauthoor,13.9
Mexico,2018SANC03,Angel Armando Jaime Snchez,4.46
Mexico,2017HERN11,Joaquin Ruenes Hernndez,4.83
Mexico,2016CORV01,Alejandro Daniel Salceda Corvera,5.26
Mexico,2017SANC24,Juan de Dios Noriega Snchez,5.39
Mexico,2014SANC28,Julin Garca Snchez,5.59
Mexico,2017MORE09,Alonso Moreno,5.79
Mexico,2023ATLA01,Sal Mndez Atlatenco,5.84
Mexico,2014MEND02,Alexis Rodrigo Cazu Mendoza,5.92
Mexico,2022MEND15,Salma Sydykov Mndez,5.95
Mexico,2023BECE03,Luis Uriel Escamilla Becerril,5.97
Moldova,2022CASI01,Alex Casian,6.84
Moldova,2016NAGR01,Ilie Nagrineac,7.61
Moldova,2016LIVA01,Costea Livadari,8.22
Moldova,2016CIOB01,Vlad Ciobanu,8.26
Moldova,2022ALEX09,Artin Alexandru,9.47
Moldova,2016CIUP01,Andrei Ciupac,10.37
Moldova,2014BAES01,tefan Bae,10.63
Moldova,2025CURC02,Teodor Curca,11.17
Moldova,2013ILII01,Gennady Iliin,11.55
Moldova,2023MOVI01,Mark Movila,11.58
Monaco,2015FAGG01,Pauline Faggio,49.5
Mongolia,2016OLZI01,Myagmardorj Ulziijargal,4.84
Mongolia,2022SUKH01,Bilguun Sukhbaatar,5.8
Mongolia,2022TSER01,Temuulen Tserendagva,5.87
Mongolia,2016OTGO01,Orgil Otgonbayar,6.18
Mongolia,2022NARA05,Gegeenbileg Naranchimeg,6.23
Mongolia,2022NARM01,Khuslen Narmandakh,6.29
Mongolia,2017SHIN09,Munkhdelger Shinekhuu,6.62
Mongolia,2018BATS01,Buyantogtokh Batsaikhan,6.63
Mongolia,2018BURE01,Renchinnorov Burenzevseg,6.7
Mongolia,2019NATS02,Namuun Natsagdorj,6.72
Montenegro,2019SENI01,Mihailo Seni,10.05
Montenegro,2019LEKO01,Ognjen Lekovi,10.72
Montenegro,2019DZEV01,Damjan Deverdanovi,10.76
Montenegro,2017JANJ01,Petar Janjuevi,10.84
Montenegro,2016PANT02,David Pantovi,10.91
Montenegro,2017BJEL01,Jovan Bjelica,13.08
Montenegro,2017ZECE01,Anela Zeevi,13.18
Montenegro,2017KAPE01,Boidar Kapetanov,13.21
Montenegro,2022KOVA06,Marko Kovaevi,13.28
Montenegro,2019SEBE01,Milo ebek,13.36
Morocco,2017ELKH01,Mohamed Elkhatri,6.43
Morocco,2020BELA01,Badr Ait Belaid,6.53
Morocco,2023LAGZ01,Lilya Lagzouli,8.04
Morocco,2025OTMA01,Mohamed El Otmani,8.45
Morocco,2017OUAD01,Omar Ouadouha,8.67
Morocco,2015CHOK01,Mohamed Ben Driss Chokri,9.48
Morocco,2017FATH02,Anas Fathani,9.51
Morocco,2024AABI01,Anir Aabi,9.71
Morocco,2017ATOU01,Ayoub El Atouany,9.74
Morocco,2015MEZI01,Anas Meziani,10.64
Mozambique,2024RUCO01,Edilson Ruco,9.35
Mozambique,2023MOLA06,Arnelio Manaca Mola,9.53
Mozambique,2025SALY01,Remington Garrett Salyer,10.66
Mozambique,2022BACA01,Rayyan Bacar,11.74
Mozambique,2024BHAT04,Neel Nilesh Bhatt,16.28
Mozambique,2025SALY03,Thunder Salyer,38.8
Mozambique,2025SALY02,Bianca Salyer,44.86
Mozambique,2024MANA09,Maria Nelia Manaca,107.22
Myanmar,2023HTUT01,Sai Nyi Bhone Htut,6.03
Myanmar,2023AUNG01,Yan Myo Aung,7.5
Myanmar,2024NYOK01,Khant Min Nyo,8.99
Myanmar,2024HEIN05,Kaung Zin Hein,9.18
Myanmar,2023YANH02,Htet Wai Yan,9.23
Myanmar,2025MINZ01,Zaw Min,18.89
Myanmar,2025KYAW01,Thiha Kyaw,19.57
Myanmar,2024HANZ03,Zwe Thu Ta Han,29.9
Myanmar,2025THAW01,Bo Bo Thaw,40.13
Myanmar,2025LINN02,Wint Thawdar Linn,47.01
Namibia,2024AGAP01,Luke Agapitus,13.69
Namibia,2025AGAP01,Annabel Agapitus,22.13
Namibia,2016MUHR01,Golo Mhr,23.4
Namibia,2025MOST02,Jacob Mostert,24.75
Namibia,2023HORN11,Heiko Horn,48.44
Nepal,2023GYAW01,Anubhav Gyawali,6.66
Nepal,2019BHAT06,Aarbid Bhattarai,7.04
Nepal,2017ARYA01,Serene Aryal,7.57
Nepal,2017NGAK01,Salon Ngakhushi,7.65
Nepal,2016SHRE05,Surav Krishna Shrestha,7.73
Nepal,2017KHAN58,Aabhushan Khanal,8.03
Nepal,2023GHEM01,Ronish Ghemosu,8.09
Nepal,2017SHRE08,Ajar Shrestha,8.38
Nepal,2016ADHI01,Anup Adhikari,8.52
Nepal,2016SHRE03,Rajin Shrestha,8.62
Netherlands,2018DULL01,Twan Dullemond,4.38
Netherlands,2016SMUL01,Mika Smulders,4.64
Netherlands,2022TEUN01,Robin Teune,4.67
Netherlands,2012PATE01,Antonie Paterakis,4.7
Netherlands,2007VALK01,Mats Valk,4.74
Netherlands,2019MEIN01,Ole Meindersma,5.08
Netherlands,2018JANS03,Tristan Jansen,5.1
Netherlands,2019STOU02,Ivo Stoutjesdijk,5.39
Netherlands,2022STRA01,Max van der Straten,5.41
Netherlands,2022BOEK01,Mick Boekema,5.57
New Zealand,2019RAMO05,Dwyane Ramos,4.54
New Zealand,2018MURR03,Jasper Murray,4.58
New Zealand,2014MILL04,Chris Mills,4.59
New Zealand,2018MATY02,Adrien Auvray Matyn,4.97
New Zealand,2020TAOR01,Richard Yiheng Tao,5.03
New Zealand,2019YANG92,Matthew Yang,5.09
New Zealand,2019VUJC01,Alexander Vujcich,5.3
New Zealand,2017KIRB01,Ben Kirby,5.32
New Zealand,2021EYLE01,Henry Eyles,5.33
New Zealand,2018EYOU02,Elyas Eyou,5.92
Nicaragua,2023KINL02,Roberto Icaza Kinloch,11.08
Nicaragua,2015CHEV01,Dylan Rene Centeno Chevez,11.35
Nicaragua,2024GUER14,Benjamin Guerrero,12.78
Nicaragua,2023RUTL03,Esperanza E. Rutledge,12.96
Nicaragua,2023TALA03,Angel Talavera,13.81
Nicaragua,2025BRIC01,Carlos Javier Mongalo Briceo,13.98
Nicaragua,2017FLOR35,Jorge Mario Gurdin Flores,14.67
Nicaragua,2025KINL01,Andrea Icaza Kinloch,35.68
Nigeria,2022OKOR01,David Okoro-Sokoh,7.17
Nigeria,2019SAMU06,Ayooluwa Samuel Dada,7.38
Nigeria,2022DAVI30,Atobatele Oreoluwapo David,7.62
Nigeria,2016AHME07,Sadiq Ahmed,8.19
Nigeria,2022IKEK01,David Ikekhuah,8.22
Nigeria,2022HAWK03,Emmanuel Hawkins,8.42
Nigeria,2022OLUW01,Adejuwon Adebusuyi Oluwemimo,8.96
Nigeria,2010LAWA01,Kamaru-Deen Lawal,9.33
Nigeria,2024OKPO01,Etim Okpoyo,9.61
Nigeria,2019PAUL10,Ehikhuemen Paul,9.84
North Macedonia,2018DUKL01,Aleksandar Dukleski,6.48
North Macedonia,2018CHES02,Gjorgji Cheshmedjievski,6.81
North Macedonia,2022TRPK01,Marko Trpkovski,8
North Macedonia,2019ARNA01,David Arnaudov,8.7
North Macedonia,2018DIMI11,Nikola Dimitrovski,8.83
North Macedonia,2022ILIJ01,Matej Ilijevski,9.22
North Macedonia,2019SARA13,Darijan Saravinov,9.39
North Macedonia,2018NICO06,Nikola Nichovski,9.57
North Macedonia,2022DIMI02,Jovan Dimitrovski,9.79
North Macedonia,2018ARSO01,Aleksandar Arsovski,10.21
Norway,2015LARS04,Kim Roger Haraldsen,4.15
Norway,2019KALL02,Herman Westerlund Kalland,4.69
Norway,2016HARA02,Knut Skaug Haraldsen,4.8
Norway,2016NILS03,Filip Nilsen,5.43
Norway,2018KRYV02,Harald Skinnes Kryvi,5.5
Norway,2010ARBO01,Morten Arborg,5.62
Norway,2017TRAN25,Celine Tran,5.74
Norway,2022GIAV01,Julian Giver-Engesmo,5.86
Norway,2012BRED01,Ulrik Bredland,5.92
Norway,2016OSTL02,Stian Nystad stli,6.02
Oman,2019SAID03,Mohammed Al Said,7.97
Oman,2023TAQI02,Zaid Taqi,8.27
Oman,2023TAQI04,Qais Ali Taqi,10.47
Oman,2023KHAD01,Mohamed Ahmed Khadra,13.02
Oman,2022MOHA16,Mohammed Jaffer Baqer Mohamed,13.64
Oman,2023TAQI01,Ammar Taqi,14.87
Oman,2017YAHY03,Salim Al Yahyaei,16.24
Oman,2023UDEE02,Hamza Saeed Abdul Ghafoor Saif Udeen,17.37
Oman,2023ALTA01,Mazin Altarshi,18.11
Oman,2023LAWA01,Hamza Al Lawati,20.17
Pakistan,2018AAMI02,Muhammad Haris Aamir,5.43
Pakistan,2018IMTI01,Muhammad Saleh Imtiaz,6.08
Pakistan,2017OWAI01,Mohammad Owais,7.2
Pakistan,2024SAQI01,Malik Hassan Saqib,7.55
Pakistan,2023KHAN18,Muhammad Zohaib Arsalan Khan,7.64
Pakistan,2013IBRA01,Raza Ibrahim,7.81
Pakistan,2019QASI04,Kublai Khan Qasimi,7.83
Pakistan,2024AHMA09,Rumman Ahmad,7.95
Pakistan,2024SHAH26,Azan Shahid,8.66
Pakistan,2018HASS05,Saffi-ul Hassan,9.14
Palestine,2019TIRO01,Adam Tiro,6.4
Palestine,2022ABDA01,Amir Ayman Abdalla,7.84
Palestine,2023MOHA22,Mohamad Abd Alkarim Haj Mohamad,8.27
Palestine,2023ABDA02,Amir Mohammad Abdalhalim,8.28
Palestine,2018HUSS07,Mohammad Ahmad Abu Hussein,8.56
Palestine,2019SBEI01,Aziza Sbeih,10.11
Palestine,2022ALFI01,Mazen Abu Alfilat,10.93
Palestine,2022KHAL07,Ismael Khalil,11.93
Palestine,2023ABDE08,Zaid Abdeen,11.96
Palestine,2025AHMA03,Yousef Ayman Ahmad,12.49
Panama,2024MONT23,David Montenegro,5.98
Panama,2023ARRO02,Omar Arrocha,7.45
Panama,2018HERN42,Miguel ngel Hernndez,7.72
Panama,2023AGUI24,Omar Aguilar,7.93
Panama,2017CAST48,Egdar Castillo,8.08
Panama,2023ROSS09,Gustavo Ross,8.31
Panama,2018CAST58,Luis Angel Soto Castillo,8.45
Panama,2023PERE80,Abiel Prez,8.51
Panama,2018RIOS04,Davis Joel Fonseca Rios,8.6
Panama,2023ROME25,Diego Romero-Duque,8.8
Papua New Guinea,2018TEKW02,Joshua Tekwie,9.81
Papua New Guinea,2021KONE01,Zachariah Kone,13.07
Papua New Guinea,2018TEKW01,Caleb Tekwie,14.42
Papua New Guinea,2022HEME01,Alois Hemetsberger,18.23
Papua New Guinea,2021TEKW02,Israel Tekwie,26.81
Papua New Guinea,2021TEKW01,David Tekwie,28.55
Papua New Guinea,2023HEME01,Ezekiel Hemetsberger,32.03
Papua New Guinea,2023HEME02,Franz Hemetsberger,66.56
Paraguay,2022CACE02,Kenji Julin Cceres Matsumoto,5.37
Paraguay,2021LOPE05,Martin Alejandro Bentez Lpez,6.13
Paraguay,2023VILL11,Elas Villamayor,6.27
Paraguay,2016CABR04,David Emmanuel Velozo Cabrera,7.28
Paraguay,2016ARRO05,Milko Sebastin Gutirrez Arroyo,8.42
Paraguay,2017BURG01,Ana Burguez,8.69
Paraguay,2019AVAL02,Oliver Richard Zoilan Avalos,8.97
Paraguay,2024MART37,Fabricio Manuel Pereira Martinez,9.31
Paraguay,2018GALE02,Dary Leandro Wladimir Cano Galeano,9.33
Paraguay,2014AYAL02,Victor Ayala,9.38
Peru,2022NUNE01,Robert Yomi Cadenas Nuez,4.65
Peru,2019MAGU04,Jose Antonio Cuipal Maguia,4.71
Peru,2022AGUI03,Mateo Aguirre,5.29
Peru,2018OCHO03,Benjamn Ochoa,5.51
Peru,2013LEON05,Angelo Giovanni Licetti Len,5.52
Peru,2022PACH05,Matias Jared Manuel Torres Pacheco,5.54
Peru,2015TELL01,Pedro Alejandro Condo Tellez,5.62
Peru,2023SANC31,Francisco Barrenechea Sanchez,5.86
Peru,2016RODR37,Angel Jesus Panebra Rodriguez,5.87
Peru,2016MILL07,Pedro Giuseppe Garcia Milla,6.14
Philippines,2017WONG01,Brenton Angelo Lo Wong,3.84
Philippines,2017VILL41,Sean Patrick Villanueva,4.11
Philippines,2015BORR01,Leo Borromeo,4.14
Philippines,2018LITI01,Toby Litiatco,4.4
Philippines,2023ARRA01,Crimson Arradaza,4.57
Philippines,2023CUAR03,Neo Cuares,4.65
Philippines,2018ANGE01,Karl Matthew Angeles,4.95
Philippines,2017PALI04,Inigo Miguel B. Palisoc,4.99
Philippines,2023GONZ18,Aragon Martin Gonzales,4.99
Philippines,2018CORT04,Carl Ashley Cortes,5.03
Poland,2016KOLA02,Tymon Kolasiski,3.66
Poland,2022MARC05,Radosaw Marcinek,3.96
Poland,2022SZUB01,Oliwier Szubert,4.15
Poland,2021ZAJD03,Teodor Zajder,4.17
Poland,2017PABI01,Magdalena Pabisz,4.24
Poland,2018KUZM02,Olaf Kumiski,4.37
Poland,2018OPAC01,Kajetan Opach,4.5
Poland,2020REJD01,Gabriel Rejdych,4.58
Poland,2010KIPA01,Jakub Kipa,4.59
Poland,2018MUSI03,Szymon Musia,4.69
Portugal,2022MACH15,Afonso Cludio Machado,5.51
Portugal,2023MORA20,Tiago Morais,5.84
Portugal,2015CARA03,Afonso Carapeto,6.11
Portugal,2018AZEV03,Pedro Azevedo,6.53
Portugal,2023FERN28,Gabriel Dias Barahona Fernandes,6.66
Portugal,2023CIDM01,Marta Fernandes Cid,7.01
Portugal,2018OLIV07,Tiago Oliveira,7.13
Portugal,2023FREI01,Toms Freire,7.21
Portugal,2023FONT04,Fausto Claro da Fonte,7.3
Portugal,2023MART52,Joo Dinis Santos Martins,7.46
Qatar,2022AWAK01,Karim Awa,20.09
Qatar,2023ALAN06,Mashael Al-Ansari,24.62
Qatar,2024ALSA08,Mohamed Al-Sada,26.43
Qatar,2023ALAN05,Ali Al-Ansari,45.45
Romania,2021CHEL01,Ianis Costin Chele,4.07
Romania,2019STEL01,Serban Stelian,4.28
Romania,2022RADU01,Andrei-Traian Rdu,4.75
Romania,2023DINE06,George Dinescu,4.77
Romania,2016ULKU01,Haluk Ulkusal,5.14
Romania,2018BERE01,Jnos Bereczki,5.43
Romania,2013FRON01,Martin Fronescu,5.64
Romania,2018STOI03,Mihail Stoicescu,5.86
Romania,2017STRO02,Matei Alexandru Stroescu,5.95
Romania,2023STAN09,Radu Mihai Stan,6.05
Russia,2019TARA09,Timofei Tarasenko,3.72
Russia,2017TSVE02,Alexey Tsvetkov,3.95
Russia,2015CHEA01,Andrey Che,4.34
Russia,2017BASH04,Alexander Bashutkin,4.78
Russia,2018TURE01,Anatolii Turenko,5.38
Russia,2011DOBR01,Dmitry Dobrjakov,5.52
Russia,2009RYAB01,Sergey Ryabko,5.72
Russia,2021ANIK01,Alexander Anikin,5.76
Russia,2016GUND05,Dmitry Gundin,5.81
Russia,2021TOKA01,Mikhail Tokarev,5.93
Rwanda,2023HABO01,Imanzi Habonimana,12.32
Rwanda,2024HABO01,Imena Habonimana,19
Saint Kitts and Nevis,2018JACO10,Lucas Jacobs,12.3
Saint Kitts and Nevis,2024DARY03,Kian Daryani,15.48
Saint Kitts and Nevis,2024DARY02,Ayan Daryani,24.84
Saint Kitts and Nevis,2022ROEB02,Connor Roebuck,60.2
Saint Lucia,2024EVAN02,Shervy Evans,15.88
Saint Lucia,2024CHIG01,Sule Chigoji,40.69
Samoa,2015TAFU01,Oliver Tafunai,27.05
Samoa,2023MULI01,Alosina Mulipola,33.59
San Marino,2024SELV01,Leonardo Selva,23.22
Saudi Arabia,2023ALAS01,Hussain Alasiri,7.73
Saudi Arabia,2023ALKH01,Zaynab Alkhalifa,9.47
Saudi Arabia,2024ALHA03,Khaled Al-Hathlool,9.49
Saudi Arabia,2023ALME15,Malek Almendeel,9.58
Saudi Arabia,2023ALRA01,Ali Zakaria Alramadan,9.66
Saudi Arabia,2017ALDR01,Nawaf Aldrees,9.83
Saudi Arabia,2018GHAZ01,Ali Mohammed Ghazzawi,11.51
Saudi Arabia,2019ABUA02,Mohammed A. Abualsaud,11.9
Saudi Arabia,2019MUBA02,Muhammad Mubarak,12.25
Saudi Arabia,2017BUKH01,Hussain Bukhamsin,12.35
Senegal,2023DIAL01,Amy-Coll Diallo,27.11
Senegal,2014NIAN01,Pape Amady Niang,33.04
Serbia,2017MARC22,Matej Marok,5.57
Serbia,2018SEBE01,Stefan ebez,5.91
Serbia,2016RADO01,Aleksa Radovanovi,6.54
Serbia,2022SILJ01,Aleksandar D. Siljanoski,7.19
Serbia,2021CUMI01,Bogdan umi,7.27
Serbia,2019LUKI03,Luka Luki,7.3
Serbia,2016VUKO01,ore Vukovi,7.32
Serbia,2023ZIDA01,Liam Zidar,7.4
Serbia,2018LJUB01,Jakov Ljubicic,7.42
Serbia,2023STAM04,Mihajlo Stamenovi,7.42
Singapore,2019ZHEN04,Deng Zhengping,4.85
Singapore,2022KAOE01,Emmanuel Kao,4.97
Singapore,2018TENG01,Ng Yong Teng,5.14
Singapore,2022JIED01,Darius Soh Zi Jie,5.23
Singapore,2016YONG02,Tristan Chua Yong,5.32
Singapore,2022SUSA02,Jovan Susanto,5.33
Singapore,2019PEHI01,Isaac Peh,5.68
Singapore,2015MANI01,Isaac Wong Chang Man,5.72
Singapore,2022HAOH02,Hoo Jun Hao,5.78
Singapore,2022YIGA01,Gabriel Neo Jun Yi,5.79
Slovakia,2020FRAT02,Adam Frtrik,5.11
Slovakia,2015MAJE01,Marek Majerik,5.3
Slovakia,2016KUGL01,Oliver Kugler,5.53
Slovakia,2016ZATR01,Tom Zatroch,5.59
Slovakia,2019BORO03,imon Borovsk,5.61
Slovakia,2016DROB01,Jakub Drobn,5.83
Slovakia,2016SIMK01,Samuel Simko,5.96
Slovakia,2023PAST01,Alexander Pastirk,6.17
Slovakia,2019BRES02,Adam Brestovansk,6.26
Slovakia,2023CHOV02,Matej Chovanec,6.75
Slovenia,2022BERC01,Taiyo Beri,4.95
Slovenia,2014ZUPA01,Sta Zupanc,5.84
Slovenia,2023VIDI02,Oskar Vidiek,5.93
Slovenia,2016RUCI01,Marcel Ruigaj,6.18
Slovenia,2018KITA03,Jakob Kitak,6.34
Slovenia,2010GREG01,Jure Gregorc,6.48
Slovenia,2022PEZZ01,Anton Kokalj Pezzano,6.64
Slovenia,2015CURM01,Nejc Ian urman,6.88
Slovenia,2010OMUL02,Matic Omulec,7.13
Slovenia,2023MARS06,Simon Mars,7.44
Somalia,2019JAMA04,Mubarak Ali Jama,56.7
South Africa,2018RUSH01,Daniel Rush,4.86
South Africa,2021SWAR01,Christian Swartz,5.13
South Africa,2022SCHE05,Isaac Scheepers,5.91
South Africa,2024JACO02,Juandr Jacobs,6.03
South Africa,2016HARI06,Shivaan Harichander,6.08
South Africa,2019HOOS01,Waseem Hoosain,6.13
South Africa,2023WALT02,Luan van der Walt,6.28
South Africa,2015GROB02,Ruben Grobler,6.31
South Africa,2022WYKJ02,Joshua Van Wyk,6.9
South Africa,2023ALON03,Jahziel Dominic Alonzo,6.94
Spain,2017KRAS05,Lorenzo Escobar Kraskouskaya,4.67
Spain,2015GONZ08,Biel Salmons Gonzalez,4.99
Spain,2015ANTO04,Manuel Prieto de Antn,5.18
Spain,2010GARC02,Carlos Mndez Garca-Barroso,5.22
Spain,2020NUNE01,Arin Martn Nez,5.5
Spain,2011SANC02,Dario Roa Snchez,5.52
Spain,2022GONZ04,Carlos Cascos Gonzlez,5.53
Spain,2022RUIZ02,Marisa Revaliente Ruiz,5.57
Spain,2016GARC52,Jaime Botello Garca,5.57
Spain,2016MATE04,Arnau Tous Mateu,5.69
Sri Lanka,2019KUMA59,Sujan Irosha Kumarapperuma,6.79
Sri Lanka,2022NIYA01,Nabhan Niyaz,7.59
Sri Lanka,2021KORA01,Ryan Koralalage,7.64
Sri Lanka,2022PERE07,Banura Perera,7.79
Sri Lanka,2022SAMA06,Theviru Vihansith Samaraweera,8.02
Sri Lanka,2023ALAH01,Sehas Vinuraka Alahakoon,8.09
Sri Lanka,2023SANU01,Sithupa Sanudaya,8.4
Sri Lanka,2022KEPP01,Samath Keppitiyagama,8.61
Sri Lanka,2022KALA04,Manija Kalansooriya,8.64
Sri Lanka,2023LIYA01,Pinindu Liyanage,8.82
Sudan,2024MOHA07,Mohamed Kamal Siddig Mohamed,12.34
Sudan,2019AHME02,Abdulrahman Ahmed,14.04
Sudan,2024SAMI02,Samir Ahmed Samir,14.98
Sudan,2018JAMA04,Zainab Abo Jamal,15.34
Sudan,2024SAAD03,Hamdan Mohamed Hamdan Saad,19.28
Sudan,2019TARI01,Yousuf Tarig,23.81
Sudan,2015HYDO01,Abdelbagi Hydoub,25.46
Sudan,2025OSMA01,Mohamed Osman,30.03
Sudan,2019MUSA03,Mishkat Eltegani Musa,248.66
Sudan,2019ELWA01,Ahmed Ali Suliman Elwakeel,250.91
Suriname,2016LIUC01,Carmen Liu,9.49
Suriname,2016YANA01,Ada Yan,28.97
Suriname,2016LEEG03,Gabrielle Lee,31.85
Suriname,2016NAMS01,Stanley Cheng Yat Nam,167.47
Sweden,2016THOR08,Elvin Thorsen,4.58
Sweden,2022IVAR01,Ludwig Ivarsson,4.6
Sweden,2022SCHE13,Emanuel Schelin,4.84
Sweden,2022ALPS01,Emil Alpsten,5.07
Sweden,2022SJOG01,Leo Sjgren,5.1
Sweden,2016JENS09,William Jensen,5.12
Sweden,2013WALL03,Daniel Wallin,5.15
Sweden,2021EDEN01,Pep Edn,5.31
Sweden,2023LIND07,Frank Lindblom,5.35
Sweden,2015GUNN01,Jakob Gunnarsson,5.41
Switzerland,2022ROBI05,Eden Robinson-Rechavi,4.56
Switzerland,2015DELA05,Richard Delacoste,4.63
Switzerland,2016ROLZ01,Alwin Rlz,4.86
Switzerland,2018BURG15,Julian Brgi,5.27
Switzerland,2021MERU01,Dhruva Sai Meruva,5.55
Switzerland,2012BUBE01,Reto Bubendorf,5.58
Switzerland,2016HOUG01,Levin Houghton,5.87
Switzerland,2021VENZ01,Silvan Venzin,6.04
Switzerland,2019GUNT04,Timo Gnthardt,6.18
Switzerland,2016ZHAJ08,Jingqi Zhang,6.29
Syria,2022ALCH01,Ali Ahmad Alchurbaji,6.88
Syria,2023RIHA01,Taym Rihawi,7.64
Syria,2022ELME01,Adam Massah,8.71
Syria,2022ANTA02,Mohamed Yahia Antakli,9.83
Syria,2024SARH01,Omar Sarhan,10.05
Syria,2022KASM01,Adam Kasmi,10.87
Syria,2022HUSS05,Ghaith Hussein,11.04
Syria,2022HAJO01,Omar Hajo,11.52
Syria,2024WALE02,Karzoun Waleed,11.97
Syria,2016DUKH01,Mansour Dukhan,12.28
Taiwan,2015WANG09,Kai-Wen Wang,4.15
Taiwan,2022KANG06,Hao-Jyun Kang,4.43
Taiwan,2012HUAN12,Ping-Yueh Huang,4.68
Taiwan,2015WANG46,Shih-Hao Wang,5.06
Taiwan,2016HSIE02,Derek Hsieh,5.31
Taiwan,2010WUIF01,Yi-Fan Wu,5.45
Taiwan,2019ZENG10,Wei-Ming Zeng,5.55
Taiwan,2020CHEN31,Kai-Lun Cheng,5.6
Taiwan,2015ZHEN20,He-Ping Zheng,5.61
Taiwan,2021CHEN64,Gilbert Chen,5.65
Tajikistan,2019RASU04,Jaloliddin Rasulov,7.71
Tajikistan,2017IBRA05,Shukrullo Ibragimov,8.4
Tajikistan,2019DZHO01,Sunatullo Dzhobirov,14.49
Tajikistan,2023AVGO01,Safiollokh Avgonov,15.23
Tajikistan,2018KAMI05,Otabek Kamilov,16.19
Tajikistan,2019YULD03,Firuz Yuldashev,16.58
Tajikistan,2018KHAS02,Khasanzhon Babadzhanov,17.78
Tajikistan,2019OLIM01,Mirzorakhim Olimzoda,18.87
Tajikistan,2018KHAM04,Ismoil Khamidov,20.09
Tajikistan,2019NAZH01,Muhammad Nazhmudinov,21.86
Tanzania,2025MOHA03,Mohammed Mehdi Hussein Murtaza Mohamedali,15.46
Tanzania,2020ABBA02,Muhammad Zaheer Abbas,34.73
Tanzania,2024OSMA04,Rehan Osman,40.47
Tanzania,2017WALL06,Agnes Ringia Wallin,120.65
Thailand,2011MAHT02,Natthaphat Mahtani,4.02
Thailand,2015PHUE01,Thada Phuenghua,4.73
Thailand,2018PARI07,Parist Pariyakanok,5.3
Thailand,2023SIRI02,Narinpat Sirivanich,5.46
Thailand,2023CHAT11,Phudist Chatameteekul,5.49
Thailand,2009CHAR03,Nipat Charoenpholphant,5.51
Thailand,2009KONV01,Asia Konvittayayotin,5.58
Thailand,2023TANG15,Enoch Tangprasittipol,5.63
Thailand,2023SRIP04,Phuwish Sripattrapan,5.7
Thailand,2023SUWA02,Narawit Suwansin,5.84
Togo,2018LACL01,Christian Lacle,9.03
Tonga,2022FOSI01,Lokani Fosita,18.83
Tonga,2025TAUN01,Sunia Taunga,32.41
Tonga,2024LEFA01,Malachy Lefai,66.41
Trinidad and Tobago,2022SIRJ01,Zeke Sirju,8.72
Trinidad and Tobago,2023HINK02,Jonah Hinkson,10.94
Trinidad and Tobago,2025WILS03,Kristin Wilson,12.61
Trinidad and Tobago,2023YEKE01,Keston Michael Ye,14.98
Trinidad and Tobago,2025SUTH01,Shalen Sutherland,17.31
Trinidad and Tobago,2022RICH24,Yann-Antuan Richardson,18.47
Trinidad and Tobago,2024PETE01,Aadam Peterson,20.25
Trinidad and Tobago,2024INKI01,Matthew Inkim,24.39
Trinidad and Tobago,2022POON01,Ronald Louis Poon-Affat,25.35
Trinidad and Tobago,2024ACKI01,Z Ackin,30.73
Tunisia,2015BOUG02,Emna Boughizane,7.29
Tunisia,2015BOUS02,Moez Boussarsar,7.29
Tunisia,2016KALL01,Hassen Kallala,7.32
Tunisia,2016KALL02,Youssef Kallala,9.11
Tunisia,2015CHOU03,Amine Chouchane,9.2
Tunisia,2022AZZO01,Abdeljelil Ben Azzouz,9.51
Tunisia,2024MSAK01,Elyes Msakni,11.24
Tunisia,2018MAKN01,Selim Makni,11.36
Tunisia,2016CHAO02,Achraf Chaouch,11.85
Tunisia,2022HAMM13,Ferielle Hammami,12.11
Turkey,2018ABLA01,Ahmet nar Ablak,4.79
Turkey,2024OZKA02,Ahmet hsan zkan,5.56
Turkey,2013GZEL01,Ahmet Gzel,5.71
Turkey,2018HOMS01,Samir Homsi,6.16
Turkey,2018KANT01,Tolga Kaan Kantarc,6.39
Turkey,2022GUNA05,Mehmet Efe Gnay,6.4
Turkey,2014SADN01,Mert Sadn,6.52
Turkey,2013CETI01,mer etinkaya,6.6
Turkey,2018YILM06,Utku Ylmaz,6.64
Turkey,2020KOSE01,Akn Kse,6.65
Turkmenistan,2024SAHE01,Samat Sahetmyradov,9.03
Turkmenistan,2019HAID04,David Haidarov,18.36
Turkmenistan,2019PEKA02,Pavel Pekarskiy,22.82
Turkmenistan,2019LUKY01,Artem Lukyanov,25.9
Turkmenistan,2025NAZA04,Aygul Nazarova,46.95
Uganda,2025AGAB01,Shaun Adriel Agaba,10.82
Uganda,2023TTYA01,Ethan Tyaba Kigundu,11.3
Uganda,2025MUGI01,Jeremiah Okas Mugisa,12.19
Uganda,2025RAWA02,Sheese Rawat,13.37
Uganda,2025HAZA01,Muhammad Hazari,13.84
Uganda,2025MUHI01,Joshua Muhindi,14.09
Uganda,2025DABU01,Rayyan Mukasa Dabule,14.42
Uganda,2025SHIL01,Tandeka Shiloh,14.85
Uganda,2025MUKA01,Aiden Mukama,14.97
Uganda,2025NOWA04,Ethan Joshua Ariho Nowamani,16.79
Ukraine,2014HOLU01,Lev Golub,4.77
Ukraine,2017SUKH02,Ihor Sukhovatenko,4.92
Ukraine,2016HNID02,Yurii Hnidko,5.04
Ukraine,2014TYTA02,Mykyta Tytar,5.34
Ukraine,2023LJUB01,Michael Liubarets,5.36
Ukraine,2018BOND03,Pavlo Bondar,5.39
Ukraine,2016TARA04,Igor Tarasov,5.41
Ukraine,2016HRYN02,Vladyslav Hryniuk,5.59
Ukraine,2022DIAC01,Klyment Diachun,5.68
Ukraine,2018VASY01,Andrii Vasyliev,5.83
United Arab Emirates,2022ABDA02,Nasir Ali Mohammed Dawood Abdalla,7.64
United Arab Emirates,2017ALSU01,Khalid Alsuwaidi,10.29
United Arab Emirates,2017ALGA01,Mohammad Algargawi,10.78
United Arab Emirates,2018ALSU01,Mohamed Rashid Alsuwaidi,12.28
United Arab Emirates,2024ALQA05,Shaikha Alia AlQassimi,12.9
United Arab Emirates,2022ALSH04,Ali Alshamsi,13.98
United Arab Emirates,2023ALBL01,Omar Khaled Alblooshi,14.28
United Arab Emirates,2018HAMM01,Abdulla Ibrahim Abdulla Al Hammadi,14.95
United Arab Emirates,2022HUMA02,Eisa Humaid,16.24
United Arab Emirates,2025ALQA01,Shaikha Aisha Alqasimi,18.81
United Kingdom,2018GRAI01,Aidan Grainger,3.69
United Kingdom,2020BROW01,Jake Brown,3.91
United Kingdom,2014MILL04,Chris Mills,4.59
United Kingdom,2018ALON07,James Alonso,4.6
United Kingdom,2013SAVA01,Harry Savage,4.73
United Kingdom,2017CHAM09,Cham J. Chambers,4.74
United Kingdom,2022DUNN03,Caleb Wolf Dunn,4.9
United Kingdom,2015SCHO05,George Scholey,4.91
United Kingdom,2023FANG02,Alan Fang,5.12
United Kingdom,2014JAYE01,Eli Jay,5.16
Uruguay,2015PINT04,Irene Pinto,6
Uruguay,2016BURO02,Rodrigo Burone,6.03
Uruguay,2015DIAN02,Agustn Diano,6.42
Uruguay,2014LEZA02,Bruno Lezama,6.44
Uruguay,2019GALV10,Vctor Glvez,6.72
Uruguay,2019MALV01,Manuel Malvrez,6.8
Uruguay,2022DUAR02,Santiago Agustn Gomez Duarte,6.89
Uruguay,2016AROC02,Octavio Arocena,7.61
Uruguay,2016HAMB02,Brian Hambeck,7.74
Uruguay,2011CAMP01,Agustin do Campo,7.75
USA,2012PARK03,Max Park,3.13
USA,2016PILA03,Ryan Pilat,3.34
USA,2017GARR05,Luke Garrett,3.44
USA,2017HUYN05,Aaron Huynh,3.46
USA,2016INAB01,Matty Hiroto Inaba,3.59
USA,2022CHEN37,Caleb Chen,3.71
USA,2017KIMM01,Asher Kim-Magierek,3.89
USA,2017SIAU02,Max Siauw,4.03
USA,2019YAOJ01,Jerry Yao,4.03
USA,2018WIDJ01,Carson Widjaja,4.05
Uzbekistan,2022ZAFA01,Umidjon Zafarov,5.72
Uzbekistan,2022ABDU05,Muhammadyusuf Abdumalikov,6.2
Uzbekistan,2018ABDU12,Anvar Abdullaev,6.62
Uzbekistan,2021TOLI01,Shokhrukh Tolipov,6.77
Uzbekistan,2022ABDU07,Sohiba Abdumalikova,7.05
Uzbekistan,2022BOYM01,Abdurauf Boymuminov,7.49
Uzbekistan,2017NASI01,Sherkhan-Mukhammad Nasirov,7.53
Uzbekistan,2018TAKH01,Davron Takhirov,7.75
Uzbekistan,2018BAKH01,Nosirbek Bakhtiyarov,7.79
Uzbekistan,2023ASAT01,Ayub Asatullaev,8.05
Venezuela,2018RODR43,Louis Rodriguez,5.84
Venezuela,2015TORR12,Bernardo Torres,5.89
Venezuela,2014SANC19,Rafael Antonio Sanchez,6.03
Venezuela,2020GARC07,Jose Alberto Fuenmayor Garcia,6.53
Venezuela,2024PENA21,Lenidas Pea,6.63
Venezuela,2016MERC09,Ricardo Alexander Bustamante Mercado,6.93
Venezuela,2021PARR01,Miguelangel Isaac Ratia Parra,7.04
Venezuela,2023GOME14,Leandro Paredes,7.12
Venezuela,2022RUIZ03,Felipe Santamara Ruiz,7.18
Venezuela,2024SALA13,Victor Salas,7.21
Vietnam,2022KHOA09,Phm ng Khoa,4.72
Vietnam,2022NAMT03,Trn Hong Bo Nam,4.74
Vietnam,2022PHUC01,inh Hu Phc,4.88
Vietnam,2022PHUN01,Nguyn Hong Thin Ph,4.88
Vietnam,2018PHUO05,Phm c Phc,4.94
Vietnam,2019HUNG16, Quang Hng,5.07
Vietnam,2018TIEN05,Hong H Thy Tin,5.21
Vietnam,2016CONG01,Nguyn Tun Cng,5.34
Vietnam,2022KHAN29,Nguyn Vn Khnh,5.34
Vietnam,2016PHAM06,Tu Pham,5.38
Yemen,2024ALBA04,Mohammed Badr Albaram,11.11
Yemen,2024ALSH05,Abdullah Hassan Abdulrahman Alshaoor,14.06
Yemen,2023ELAM01,Aymen Elamir,17.55
Yemen,2023SAIF02,Abdulrahman Saif,17.71
Yemen,2023NAJI01,Husam Fatehi Ahmed Naji,18.32
Yemen,2022ABDU12,Mohammed Ameen Abdulrahman,20.41
Yemen,2022OTHM01,Sam Othman,32.62
Yemen,2022ALKE01,Ibrahim Alkebsi,33.21
Yemen,2024MADH01,Hasan Muneer Ba Madhag,46.02
Yemen,2022ALHA06,Sohaib Ibrahim Alghaili Alhashimi,87.54
Zambia,2022MATE05,Temba Mateke,17.12
Zambia,2025SIKW01,Mwikisa Sikwibele,52.18
Zambia,2014TAIL01,Ketan Tailor,74.34
Zimbabwe,2022KWAS02,Juniour Kwashira,7.63
Zimbabwe,2018MAKU02,Joshua T. Makuwa,9.84
Zimbabwe,2023NYON01,Aubrey Nyoni,10.09
Zimbabwe,2019SHAW04,Damian Peter Shaw,10.69
Zimbabwe,2025SMIT35,Faith Smith,11.14
Zimbabwe,2024MSAK02,Norman Msaka,12.59
Zimbabwe,2023CHAD08,Ngaatendwe Chadambuka,13.15
Zimbabwe,2023MAKW04,Munashe Michael Makwiramiti,16.52
Zimbabwe,2022CHIK02,Christwish Chikochi,22.84
Zimbabwe,2023MARE01,Tinotenda Marega,26.49
